{"Tile-8065S-tud-6":{"label":"Tile-8065S-tud-6","Run Reference":"6","Creation":{"Temp Profile":{"Zone2":"-","Inlet [C]":"-","Zone1":"-","Zone3":"-","Zone4 []":"-","Nozzle":"-"},"Humidity":"-","Dosing Volume [cm^3]":"-","Comments":" ","Drying Time":"-","Melt Cushion [cm^3]":"-","Holding Pressure [bar]":"1600","material":"8065S","Holding Pressure Speed [cm^3/s]":"-","Mold Temps":{"Mold Temp [C]":"80","Mold Temp (nozzle) [C]":"280","Mold Temp (ejector) [C]":"-"},"Clamping Force":"-","Back Pressure [bar]":"-","Drying Temp":"-","Cooling Time [s]":"40","Switchover Point [cm^3]":"-","date":"-","Circumferential Speed [m/min]":"-","Torque Dosing [Nm]":"-","manufacturer":"TUD","Holding Pressure Time [s]":"2","Injection Paramaters":{"Injection Speed [cm^3/s]":"50","Injection Pressure [bar]":"-","Injection Time [s]":"-"},"process":"injection molding"},"Product":"Tile","UUID":"bbe7ca90-1b83-4c4c-a804-6cdbcf1ceeb4","Type":"Batch"}}
