{"Tile-8065S-ICT-7.1":{"label":"Tile-8065S-ICT-7.1","Run Reference":"7.1","Creation":{"Temp Profile":{"Zone2":"290","Inlet [C]":"60","Zone1":"300","Zone3":"290","Zone4 []":"280","Nozzle":"300"},"Humidity":"0.166","Dosing Volume [cm^3]":"15","Comments":"Samples very brittle, MPI opened","Drying Time":"6","Melt Cushion [cm^3]":"2.96","Holding Pressure [bar]":"800","material":"8065S","Holding Pressure Speed [cm^3/s]":"25","Mold Temps":{"Mold Temp [C]":"10","Mold Temp (nozzle) [C]":"17","Mold Temp (ejector) [C]":"17"},"Clamping Force":"200","Back Pressure [bar]":"75","Drying Temp":"60","Cooling Time [s]":"25","Switchover Point [cm^3]":"5.0","date":"20171017","Circumferential Speed [m/min]":"15","Torque Dosing [Nm]":"-","manufacturer":"ICT","Holding Pressure Time [s]":"5","Injection Paramaters":{"Injection Speed [cm^3/s]":"50","Injection Pressure [bar]":"290","Injection Time [s]":"0.32"},"process":"injection molding"},"Product":"Tile","UUID":"06221d06-72d7-4c31-8b25-fb392d94420d","Type":"Batch"}}