{"Tile-8065S-tud-11":{"label":"Tile-8065S-tud-11","Run Reference":"11","Creation":{"Temp Profile":{"Zone2":"-","Inlet [C]":"-","Zone1":"-","Zone3":"-","Zone4 []":"-","Nozzle":"-"},"Humidity":"-","Dosing Volume [cm^3]":"-","Comments":" ","Drying Time":"-","Melt Cushion [cm^3]":"-","Holding Pressure [bar]":"1600","material":"8065S","Holding Pressure Speed [cm^3/s]":"-","Mold Temps":{"Mold Temp [C]":"80","Mold Temp (nozzle) [C]":"310","Mold Temp (ejector) [C]":"-"},"Clamping Force":"-","Back Pressure [bar]":"-","Drying Temp":"-","Cooling Time [s]":"40","Switchover Point [cm^3]":"-","date":"-","Circumferential Speed [m/min]":"-","Torque Dosing [Nm]":"-","manufacturer":"TUD","Holding Pressure Time [s]":"2","Injection Paramaters":{"Injection Speed [cm^3/s]":"10","Injection Pressure [bar]":"-","Injection Time [s]":"-"},"process":"injection molding"},"Product":"Tile","UUID":"d0964033-98a6-46c4-9fac-7f8416084e98","Type":"Batch"}}
