{"Tile-8065S-ICT-1.5":{"label":"Tile-8065S-ICT-1.5","Run Reference":"1.5","Creation":{"Temp Profile":{"Zone2":"290","Inlet [C]":"60","Zone1":"300","Zone3":"290","Zone4 []":"280","Nozzle":"300"},"Humidity":"0.077","Dosing Volume [cm^3]":"15","Comments":" ","Drying Time":"-","Melt Cushion [cm^3]":"3.0","Holding Pressure [bar]":"800","material":"8065S","Holding Pressure Speed [cm^3/s]":"25","Mold Temps":{"Mold Temp [C]":"10","Mold Temp (nozzle) [C]":"17","Mold Temp (ejector) [C]":"17"},"Clamping Force":"200","Back Pressure [bar]":"75","Drying Temp":"-","Cooling Time [s]":"25","Switchover Point [cm^3]":"5.0","date":"20171016","Circumferential Speed [m/min]":"15","Torque Dosing [Nm]":"67","manufacturer":"ICT","Holding Pressure Time [s]":"5","Injection Paramaters":{"Injection Speed [cm^3/s]":"5","Injection Pressure [bar]":"292","Injection Time [s]":"2.63"},"process":"injection molding"},"Product":"Tile","UUID":"b23fabd1-0b8b-4fe5-85c8-2958635e792e","Type":"Batch"}}