{"Tile-8065S-ICT-7.2":{"label":"Tile-8065S-ICT-7.2","Run Reference":"7.2","Creation":{"Temp Profile":{"Zone2":"290","Inlet [C]":"60","Zone1":"300","Zone3":"290","Zone4 []":"280","Nozzle":"300"},"Humidity":"0.121","Dosing Volume [cm^3]":"15","Comments":"MPI opened","Drying Time":"6","Melt Cushion [cm^3]":"2.83","Holding Pressure [bar]":"800","material":"8065S","Holding Pressure Speed [cm^3/s]":"25","Mold Temps":{"Mold Temp [C]":"10","Mold Temp (nozzle) [C]":"17","Mold Temp (ejector) [C]":"17"},"Clamping Force":"180","Back Pressure [bar]":"75","Drying Temp":"90","Cooling Time [s]":"25","Switchover Point [cm^3]":"5.0","date":"20171017","Circumferential Speed [m/min]":"15","Torque Dosing [Nm]":"67","manufacturer":"ICT","Holding Pressure Time [s]":"5","Injection Paramaters":{"Injection Speed [cm^3/s]":"50","Injection Pressure [bar]":"283","Injection Time [s]":"0.32"},"process":"injection molding"},"Product":"Tile","UUID":"c6be0144-7249-498c-a32d-084112c720c0","Type":"Batch"}}
