{"Tile-8065S-ICT-1.4":{"label":"Tile-8065S-ICT-1.4","Run Reference":"1.4","Creation":{"Temp Profile":{"Zone2":"290","Inlet [C]":"60","Zone1":"300","Zone3":"290","Zone4 []":"280","Nozzle":"300"},"Humidity":"0.077","Dosing Volume [cm^3]":"15","Comments":" ","Drying Time":"-","Melt Cushion [cm^3]":"2.92","Holding Pressure [bar]":"800","material":"8065S","Holding Pressure Speed [cm^3/s]":"25","Mold Temps":{"Mold Temp [C]":"10","Mold Temp (nozzle) [C]":"17","Mold Temp (ejector) [C]":"17"},"Clamping Force":"200","Back Pressure [bar]":"75","Drying Temp":"-","Cooling Time [s]":"25","Switchover Point [cm^3]":"5.0","date":"20171016","Circumferential Speed [m/min]":"15","Torque Dosing [Nm]":"67","manufacturer":"ICT","Holding Pressure Time [s]":"5","Injection Paramaters":{"Injection Speed [cm^3/s]":"10","Injection Pressure [bar]":"342","Injection Time [s]":"1.33"},"process":"injection molding"},"Product":"Tile","UUID":"fd3d9b1b-e29a-4cad-b130-441c8e1497d9","Type":"Batch"},"Tile-8065S-ICT-1.8":{"label":"Tile-8065S-ICT-1.8","Run Reference":"1.8","Creation":{"Temp Profile":{"Zone2":"290","Inlet [C]":"60","Zone1":"300","Zone3":"290","Zone4 []":"280","Nozzle":"300"},"Humidity":"0.077","Dosing Volume [cm^3]":"15","Comments":" ","Drying Time":"-","Melt Cushion [cm^3]":"2.91","Holding Pressure [bar]":"800","material":"8065S","Holding Pressure Speed [cm^3/s]":"25","Mold Temps":{"Mold Temp [C]":"20","Mold Temp (nozzle) [C]":"23.6","Mold Temp (ejector) [C]":"23.6"},"Clamping Force":"200","Back Pressure [bar]":"75","Drying Temp":"-","Cooling Time [s]":"25","Switchover Point [cm^3]":"5.0","date":"20171016","Circumferential Speed [m/min]":"15","Torque Dosing [Nm]":"67","manufacturer":"ICT","Holding Pressure Time [s]":"5","Injection Paramaters":{"Injection Speed [cm^3/s]":"30","Injection Pressure [bar]":"460","Injection Time [s]":"0.49"},"process":"injection molding"},"Product":"Tile","UUID":"36a0fae3-87cd-4043-9307-35a8b6f3e670","Type":"Batch"},"Tile-8065S-ICT-7.6":{"label":"Tile-8065S-ICT-7.6","Run Reference":"7.6","Creation":{"Temp Profile":{"Zone2":"290","Inlet [C]":"60","Zone1":"300","Zone3":"290","Zone4 []":"280","Nozzle":"300"},"Humidity":"150","Dosing Volume [cm^3]":"15","Comments":"MPI opened","Drying Time":"6","Melt Cushion [cm^3]":"3.1","Holding Pressure [bar]":"950","material":"8065S","Holding Pressure Speed [cm^3/s]":"25","Mold Temps":{"Mold Temp [C]":"10","Mold Temp (nozzle) [C]":"17","Mold Temp (ejector) [C]":"17"},"Clamping Force":"150","Back Pressure [bar]":"75","Drying Temp":"160","Cooling Time [s]":"25","Switchover Point [cm^3]":"5.0","date":"20171017","Circumferential Speed [m/min]":"15","Torque Dosing [Nm]":"167","manufacturer":"ICT","Holding Pressure Time [s]":"5","Injection Paramaters":{"Injection Speed [cm^3/s]":"10 / 30 (ramp profile)","Injection Pressure [bar]":"950","Injection Time [s]":"1.02"},"process":"injection molding"},"Product":"Tile","UUID":"ac9c4f3f-b042-4bce-9c50-b70541b25154","Type":"Batch"},"Tile-8065S-tud-2":{"label":"Tile-8065S-tud-2","Run Reference":"2","Creation":{"Temp Profile":{"Zone2":"-","Inlet [C]":"-","Zone1":"-","Zone3":"-","Zone4 []":"-","Nozzle":"-"},"Humidity":"-","Dosing Volume [cm^3]":"-","Comments":" ","Drying Time":"-","Melt Cushion [cm^3]":"-","Holding Pressure [bar]":"1000","material":"8065S","Holding Pressure Speed [cm^3/s]":"-","Mold Temps":{"Mold Temp [C]":"30","Mold Temp (nozzle) [C]":"280","Mold Temp (ejector) [C]":"-"},"Clamping Force":"-","Back Pressure [bar]":"-","Drying Temp":"-","Cooling Time [s]":"40","Switchover Point [cm^3]":"-","date":"-","Circumferential Speed [m/min]":"-","Torque Dosing [Nm]":"-","manufacturer":"tud","Holding Pressure Time [s]":"2","Injection Paramaters":{"Injection Speed [cm^3/s]":"10","Injection Pressure [bar]":"-","Injection Time [s]":"-"},"process":"injection molding"},"Product":"Tile","UUID":"0388c786-3932-49be-833d-fbe61da62118","Type":"Batch"},"Tile-8065S-tud-5":{"label":"Tile-8065S-tud-5","Run Reference":"5","Creation":{"Temp Profile":{"Zone2":"-","Inlet [C]":"-","Zone1":"-","Zone3":"-","Zone4 []":"-","Nozzle":"-"},"Humidity":"-","Dosing Volume [cm^3]":"-","Comments":" ","Drying Time":"-","Melt Cushion [cm^3]":"-","Holding Pressure [bar]":"1000","material":"8065S","Holding Pressure Speed [cm^3/s]":"-","Mold Temps":{"Mold Temp [C]":"80","Mold Temp (nozzle) [C]":"280","Mold Temp (ejector) [C]":"-"},"Clamping Force":"-","Back Pressure [bar]":"-","Drying Temp":"-","Cooling Time [s]":"40","Switchover Point [cm^3]":"-","date":"-","Circumferential Speed [m/min]":"-","Torque Dosing [Nm]":"-","manufacturer":"tud","Holding Pressure Time [s]":"7","Injection Paramaters":{"Injection Speed [cm^3/s]":"50","Injection Pressure [bar]":"-","Injection Time [s]":"-"},"process":"injection molding"},"Product":"Tile","UUID":"74720b34-238e-407f-8dc4-8d6a99dad2b3","Type":"Batch"},"Tile-8065S-ICT-4.5":{"label":"Tile-8065S-ICT-4.5","Run Reference":"4.5","Creation":{"Temp Profile":{"Zone2":"290","Inlet [C]":"60","Zone1":"300","Zone3":"290","Zone4 []":"280","Nozzle":"300"},"Humidity":"0.077","Dosing Volume [cm^3]":"15","Comments":" ","Drying Time":"-","Melt Cushion [cm^3]":"2.65","Holding Pressure [bar]":"800","material":"8065S","Holding Pressure Speed [cm^3/s]":"25","Mold Temps":{"Mold Temp [C]":"10","Mold Temp (nozzle) [C]":"17","Mold Temp (ejector) [C]":"17"},"Clamping Force":"200","Back Pressure [bar]":"75","Drying Temp":"-","Cooling Time [s]":"25","Switchover Point [cm^3]":"5.0","date":"20171016","Circumferential Speed [m/min]":"15","Torque Dosing [Nm]":"67","manufacturer":"ICT","Holding Pressure Time [s]":"5","Injection Paramaters":{"Injection Speed [cm^3/s]":"70","Injection Pressure [bar]":"555","Injection Time [s]":"0.26"},"process":"injection molding"},"Product":"Tile","UUID":"25dca292-66e0-4c52-a7c6-b7a04eb72ccd","Type":"Batch"},"Tile-8065S-ICT-1.2":{"label":"Tile-8065S-ICT-1.2","Run Reference":"1.2","Creation":{"Temp Profile":{"Zone2":"290","Inlet [C]":"60","Zone1":"300","Zone3":"290","Zone4 []":"280","Nozzle":"300"},"Humidity":"0.077","Dosing Volume [cm^3]":"15","Comments":" ","Drying Time":"-","Melt Cushion [cm^3]":"2.8","Holding Pressure [bar]":"800","material":"8065S","Holding Pressure Speed [cm^3/s]":"25","Mold Temps":{"Mold Temp [C]":"10","Mold Temp (nozzle) [C]":"17","Mold Temp (ejector) [C]":"17"},"Clamping Force":"200","Back Pressure [bar]":"75","Drying Temp":"-","Cooling Time [s]":"25","Switchover Point [cm^3]":"5.0","date":"20171016","Circumferential Speed [m/min]":"15","Torque Dosing [Nm]":"67","manufacturer":"ICT","Holding Pressure Time [s]":"5","Injection Paramaters":{"Injection Speed [cm^3/s]":"30","Injection Pressure [bar]":"419","Injection Time [s]":"0.48"},"process":"injection molding"},"Product":"Tile","UUID":"7f8d1922-8409-4d9b-b4ec-8aee12b4fcd4","Type":"Batch"},"Tile-8065S-ICT-7.1":{"label":"Tile-8065S-ICT-7.1","Run Reference":"7.1","Creation":{"Temp Profile":{"Zone2":"290","Inlet [C]":"60","Zone1":"300","Zone3":"290","Zone4 []":"280","Nozzle":"300"},"Humidity":"0.166","Dosing Volume [cm^3]":"15","Comments":"Samples very brittle, MPI opened","Drying Time":"6","Melt Cushion [cm^3]":"2.96","Holding Pressure [bar]":"800","material":"8065S","Holding Pressure Speed [cm^3/s]":"25","Mold Temps":{"Mold Temp [C]":"10","Mold Temp (nozzle) [C]":"17","Mold Temp (ejector) [C]":"17"},"Clamping Force":"200","Back Pressure [bar]":"75","Drying Temp":"60","Cooling Time [s]":"25","Switchover Point [cm^3]":"5.0","date":"20171017","Circumferential Speed [m/min]":"15","Torque Dosing [Nm]":"-","manufacturer":"ICT","Holding Pressure Time [s]":"5","Injection Paramaters":{"Injection Speed [cm^3/s]":"50","Injection Pressure [bar]":"290","Injection Time [s]":"0.32"},"process":"injection molding"},"Product":"Tile","UUID":"06221d06-72d7-4c31-8b25-fb392d94420d","Type":"Batch"},"Tile-8065S-ICT-1.7":{"label":"Tile-8065S-ICT-1.7","Run Reference":"1.7","Creation":{"Temp Profile":{"Zone2":"290","Inlet [C]":"60","Zone1":"300","Zone3":"290","Zone4 []":"280","Nozzle":"300"},"Humidity":"0.077","Dosing Volume [cm^3]":"15","Comments":" ","Drying Time":"-","Melt Cushion [cm^3]":"3.26","Holding Pressure [bar]":"800","material":"8065S","Holding Pressure Speed [cm^3/s]":"25","Mold Temps":{"Mold Temp [C]":"20","Mold Temp (nozzle) [C]":"23.6","Mold Temp (ejector) [C]":"23.6"},"Clamping Force":"200","Back Pressure [bar]":"75","Drying Temp":"-","Cooling Time [s]":"25","Switchover Point [cm^3]":"5.0","date":"20171016","Circumferential Speed [m/min]":"15","Torque Dosing [Nm]":"67","manufacturer":"ICT","Holding Pressure Time [s]":"5","Injection Paramaters":{"Injection Speed [cm^3/s]":"10","Injection Pressure [bar]":"295","Injection Time [s]":"1.33"},"process":"injection molding"},"Product":"Tile","UUID":"1f860432-55c4-474b-81c5-b94f342b92c1","Type":"Batch"},"Tile-8065S-ICT-4.2":{"label":"Tile-8065S-ICT-4.2","Run Reference":"4.2","Creation":{"Temp Profile":{"Zone2":"290","Inlet [C]":"60","Zone1":"300","Zone3":"290","Zone4 []":"280","Nozzle":"300"},"Humidity":"0.077","Dosing Volume [cm^3]":"15","Comments":" ","Drying Time":"-","Melt Cushion [cm^3]":"3.08","Holding Pressure [bar]":"800","material":"8065S","Holding Pressure Speed [cm^3/s]":"25","Mold Temps":{"Mold Temp [C]":"10","Mold Temp (nozzle) [C]":"17","Mold Temp (ejector) [C]":"17"},"Clamping Force":"200","Back Pressure [bar]":"75","Drying Temp":"-","Cooling Time [s]":"25","Switchover Point [cm^3]":"5.0","date":"20171016","Circumferential Speed [m/min]":"15","Torque Dosing [Nm]":"67","manufacturer":"ICT","Holding Pressure Time [s]":"5","Injection Paramaters":{"Injection Speed [cm^3/s]":"30","Injection Pressure [bar]":"475","Injection Time [s]":"0.48"},"process":"injection molding"},"Product":"Tile","UUID":"fd5be907-7257-4de1-9cd3-874e1de0ee4a","Type":"Batch"},"Tile-8065S-tud-1":{"label":"Tile-8065S-tud-1","Run Reference":"1","Creation":{"Temp Profile":{"Zone2":"-","Inlet [C]":"-","Zone1":"-","Zone3":"-","Zone4 []":"-","Nozzle":"-"},"Humidity":"-","Dosing Volume [cm^3]":"-","Comments":" ","Drying Time":"-","Melt Cushion [cm^3]":"-","Holding Pressure [bar]":"1000","material":"8065S","Holding Pressure Speed [cm^3/s]":"-","Mold Temps":{"Mold Temp [C]":"30","Mold Temp (nozzle) [C]":"280","Mold Temp (ejector) [C]":"-"},"Clamping Force":"-","Back Pressure [bar]":"-","Drying Temp":"-","Cooling Time [s]":"20","Switchover Point [cm^3]":"-","date":"-","Circumferential Speed [m/min]":"-","Torque Dosing [Nm]":"-","manufacturer":"tud","Holding Pressure Time [s]":"2","Injection Paramaters":{"Injection Speed [cm^3/s]":"10","Injection Pressure [bar]":"-","Injection Time [s]":"-"},"process":"injection molding"},"Product":"Tile","UUID":"0620ab77-219e-413d-beb8-d1c3cab9f804","Type":"Batch"},"Tile-8065S-tud-6":{"label":"Tile-8065S-tud-6","Run Reference":"6","Creation":{"Temp Profile":{"Zone2":"-","Inlet [C]":"-","Zone1":"-","Zone3":"-","Zone4 []":"-","Nozzle":"-"},"Humidity":"-","Dosing Volume [cm^3]":"-","Comments":" ","Drying Time":"-","Melt Cushion [cm^3]":"-","Holding Pressure [bar]":"1600","material":"8065S","Holding Pressure Speed [cm^3/s]":"-","Mold Temps":{"Mold Temp [C]":"80","Mold Temp (nozzle) [C]":"280","Mold Temp (ejector) [C]":"-"},"Clamping Force":"-","Back Pressure [bar]":"-","Drying Temp":"-","Cooling Time [s]":"40","Switchover Point [cm^3]":"-","date":"-","Circumferential Speed [m/min]":"-","Torque Dosing [Nm]":"-","manufacturer":"tud","Holding Pressure Time [s]":"2","Injection Paramaters":{"Injection Speed [cm^3/s]":"50","Injection Pressure [bar]":"-","Injection Time [s]":"-"},"process":"injection molding"},"Product":"Tile","UUID":"bbe7ca90-1b83-4c4c-a804-6cdbcf1ceeb4","Type":"Batch"},"Tile-8065S-ICT-1.5":{"label":"Tile-8065S-ICT-1.5","Run Reference":"1.5","Creation":{"Temp Profile":{"Zone2":"290","Inlet [C]":"60","Zone1":"300","Zone3":"290","Zone4 []":"280","Nozzle":"300"},"Humidity":"0.077","Dosing Volume [cm^3]":"15","Comments":" ","Drying Time":"-","Melt Cushion [cm^3]":"3.0","Holding Pressure [bar]":"800","material":"8065S","Holding Pressure Speed [cm^3/s]":"25","Mold Temps":{"Mold Temp [C]":"10","Mold Temp (nozzle) [C]":"17","Mold Temp (ejector) [C]":"17"},"Clamping Force":"200","Back Pressure [bar]":"75","Drying Temp":"-","Cooling Time [s]":"25","Switchover Point [cm^3]":"5.0","date":"20171016","Circumferential Speed [m/min]":"15","Torque Dosing [Nm]":"67","manufacturer":"ICT","Holding Pressure Time [s]":"5","Injection Paramaters":{"Injection Speed [cm^3/s]":"5","Injection Pressure [bar]":"292","Injection Time [s]":"2.63"},"process":"injection molding"},"Product":"Tile","UUID":"b23fabd1-0b8b-4fe5-85c8-2958635e792e","Type":"Batch"},"Tile-8065S-tud-10":{"label":"Tile-8065S-tud-10","Run Reference":"10","Creation":{"Temp Profile":{"Zone2":"-","Inlet [C]":"-","Zone1":"-","Zone3":"-","Zone4 []":"-","Nozzle":"-"},"Humidity":"-","Dosing Volume [cm^3]":"-","Comments":" ","Drying Time":"-","Melt Cushion [cm^3]":"-","Holding Pressure [bar]":"1000","material":"8065S","Holding Pressure Speed [cm^3/s]":"-","Mold Temps":{"Mold Temp [C]":"80","Mold Temp (nozzle) [C]":"310","Mold Temp (ejector) [C]":"-"},"Clamping Force":"-","Back Pressure [bar]":"-","Drying Temp":"-","Cooling Time [s]":"20","Switchover Point [cm^3]":"-","date":"-","Circumferential Speed [m/min]":"-","Torque Dosing [Nm]":"-","manufacturer":"tud","Holding Pressure Time [s]":"2","Injection Paramaters":{"Injection Speed [cm^3/s]":"50","Injection Pressure [bar]":"-","Injection Time [s]":"-"},"process":"injection molding"},"Product":"Tile","UUID":"0bca340c-c083-4a5d-b378-1da70d3fe692","Type":"Batch"},"Tile-8065S-tud-9":{"label":"Tile-8065S-tud-9","Run Reference":"9","Creation":{"Temp Profile":{"Zone2":"-","Inlet [C]":"-","Zone1":"-","Zone3":"-","Zone4 []":"-","Nozzle":"-"},"Humidity":"-","Dosing Volume [cm^3]":"-","Comments":" ","Drying Time":"-","Melt Cushion [cm^3]":"-","Holding Pressure [bar]":"1600","material":"8065S","Holding Pressure Speed [cm^3/s]":"-","Mold Temps":{"Mold Temp [C]":"30","Mold Temp (nozzle) [C]":"310","Mold Temp (ejector) [C]":"-"},"Clamping Force":"-","Back Pressure [bar]":"-","Drying Temp":"-","Cooling Time [s]":"40","Switchover Point [cm^3]":"-","date":"-","Circumferential Speed [m/min]":"-","Torque Dosing [Nm]":"-","manufacturer":"tud","Holding Pressure Time [s]":"7","Injection Paramaters":{"Injection Speed [cm^3/s]":"10","Injection Pressure [bar]":"-","Injection Time [s]":"-"},"process":"injection molding"},"Product":"Tile","UUID":"81776af0-56bc-4d30-a890-e50d79910015","Type":"Batch"},"Tile-8065S-tud-4":{"label":"Tile-8065S-tud-4","Run Reference":"4","Creation":{"Temp Profile":{"Zone2":"-","Inlet [C]":"-","Zone1":"-","Zone3":"-","Zone4 []":"-","Nozzle":"-"},"Humidity":"-","Dosing Volume [cm^3]":"-","Comments":" ","Drying Time":"-","Melt Cushion [cm^3]":"-","Holding Pressure [bar]":"1600","material":"8065S","Holding Pressure Speed [cm^3/s]":"-","Mold Temps":{"Mold Temp [C]":"80","Mold Temp (nozzle) [C]":"280","Mold Temp (ejector) [C]":"-"},"Clamping Force":"-","Back Pressure [bar]":"-","Drying Temp":"-","Cooling Time [s]":"20","Switchover Point [cm^3]":"-","date":"-","Circumferential Speed [m/min]":"-","Torque Dosing [Nm]":"-","manufacturer":"tud","Holding Pressure Time [s]":"7","Injection Paramaters":{"Injection Speed [cm^3/s]":"10","Injection Pressure [bar]":"-","Injection Time [s]":"-"},"process":"injection molding"},"Product":"Tile","UUID":"a0199800-f117-4f08-9feb-4bd26b533b15","Type":"Batch"},"Tile-8065S-ICT-1.3":{"label":"Tile-8065S-ICT-1.3","Run Reference":"1.3","Creation":{"Temp Profile":{"Zone2":"290","Inlet [C]":"60","Zone1":"300","Zone3":"290","Zone4 []":"280","Nozzle":"300"},"Humidity":"0.077","Dosing Volume [cm^3]":"15","Comments":" ","Drying Time":"-","Melt Cushion [cm^3]":"2.93","Holding Pressure [bar]":"800","material":"8065S","Holding Pressure Speed [cm^3/s]":"25","Mold Temps":{"Mold Temp [C]":"10","Mold Temp (nozzle) [C]":"17","Mold Temp (ejector) [C]":"17"},"Clamping Force":"200","Back Pressure [bar]":"75","Drying Temp":"-","Cooling Time [s]":"25","Switchover Point [cm^3]":"5.0","date":"20171016","Circumferential Speed [m/min]":"15","Torque Dosing [Nm]":"67","manufacturer":"ICT","Holding Pressure Time [s]":"5","Injection Paramaters":{"Injection Speed [cm^3/s]":"20","Injection Pressure [bar]":"388","Injection Time [s]":"0.69"},"process":"injection molding"},"Product":"Tile","UUID":"13fe6ff1-7888-4648-a843-3f0b5d090035","Type":"Batch"},"Tile-8065S-ICT-7.3":{"label":"Tile-8065S-ICT-7.3","Run Reference":"7.3","Creation":{"Temp Profile":{"Zone2":"290","Inlet [C]":"60","Zone1":"300","Zone3":"290","Zone4 []":"280","Nozzle":"300"},"Humidity":"0.036","Dosing Volume [cm^3]":"15","Comments":"MPI opened","Drying Time":"6","Melt Cushion [cm^3]":"3.36","Holding Pressure [bar]":"800","material":"8065S","Holding Pressure Speed [cm^3/s]":"25","Mold Temps":{"Mold Temp [C]":"10","Mold Temp (nozzle) [C]":"17","Mold Temp (ejector) [C]":"17"},"Clamping Force":"150","Back Pressure [bar]":"75","Drying Temp":"120","Cooling Time [s]":"25","Switchover Point [cm^3]":"5.0","date":"20171017","Circumferential Speed [m/min]":"15","Torque Dosing [Nm]":"95","manufacturer":"ICT","Holding Pressure Time [s]":"5","Injection Paramaters":{"Injection Speed [cm^3/s]":"50","Injection Pressure [bar]":"620","Injection Time [s]":"0.32"},"process":"injection molding"},"Product":"Tile","UUID":"fdb444cc-6dd9-4605-b96d-ca2dc39bf66f","Type":"Batch"},"Tile-8065S-ICT-7.4":{"label":"Tile-8065S-ICT-7.4","Run Reference":"7.4","Creation":{"Temp Profile":{"Zone2":"290","Inlet [C]":"60","Zone1":"300","Zone3":"290","Zone4 []":"280","Nozzle":"300"},"Humidity":"0.036","Dosing Volume [cm^3]":"15","Comments":"better optical results compared to 50 cubic cm per s, MPI opened","Drying Time":"6","Melt Cushion [cm^3]":"3.56","Holding Pressure [bar]":"800","material":"8065S","Holding Pressure Speed [cm^3/s]":"25","Mold Temps":{"Mold Temp [C]":"10","Mold Temp (nozzle) [C]":"17","Mold Temp (ejector) [C]":"17"},"Clamping Force":"150","Back Pressure [bar]":"75","Drying Temp":"120","Cooling Time [s]":"25","Switchover Point [cm^3]":"5.0","date":"20171017","Circumferential Speed [m/min]":"15","Torque Dosing [Nm]":"93","manufacturer":"ICT","Holding Pressure Time [s]":"5","Injection Paramaters":{"Injection Speed [cm^3/s]":"30","Injection Pressure [bar]":"600","Injection Time [s]":"0.48"},"process":"injection molding"},"Product":"Tile","UUID":"47d98757-8840-4e74-9b68-2e63917b8ad9","Type":"Batch"},"Tile-8065S-ICT-2.1":{"label":"Tile-8065S-ICT-2.1","Run Reference":"2.1","Creation":{"Temp Profile":{"Zone2":"290","Inlet [C]":"60","Zone1":"300","Zone3":"290","Zone4 []":"280","Nozzle":"300"},"Humidity":"0.077","Dosing Volume [cm^3]":"15","Comments":" ","Drying Time":"-","Melt Cushion [cm^3]":"3.7","Holding Pressure [bar]":"800","material":"8065S","Holding Pressure Speed [cm^3/s]":"25","Mold Temps":{"Mold Temp [C]":"10","Mold Temp (nozzle) [C]":"17.2","Mold Temp (ejector) [C]":"17.2"},"Clamping Force":"200","Back Pressure [bar]":"75","Drying Temp":"-","Cooling Time [s]":"25","Switchover Point [cm^3]":"5.0","date":"20171016","Circumferential Speed [m/min]":"15","Torque Dosing [Nm]":"67","manufacturer":"ICT","Holding Pressure Time [s]":"5","Injection Paramaters":{"Injection Speed [cm^3/s]":"50","Injection Pressure [bar]":"553","Injection Time [s]":"0.32"},"process":"injection molding"},"Product":"Tile","UUID":"1024ebea-fdad-4e51-b274-45bb1708db26","Type":"Batch"},"Tile-8065S-ICT-3.3":{"label":"Tile-8065S-ICT-3.3","Run Reference":"3.3","Creation":{"Temp Profile":{"Zone2":"290","Inlet [C]":"60","Zone1":"300","Zone3":"290","Zone4 []":"280","Nozzle":"300"},"Humidity":"0.077","Dosing Volume [cm^3]":"15","Comments":" ","Drying Time":"-","Melt Cushion [cm^3]":"3.64","Holding Pressure [bar]":"800","material":"8065S","Holding Pressure Speed [cm^3/s]":"25","Mold Temps":{"Mold Temp [C]":"10","Mold Temp (nozzle) [C]":"17.2","Mold Temp (ejector) [C]":"17.2"},"Clamping Force":"200","Back Pressure [bar]":"75","Drying Temp":"-","Cooling Time [s]":"15","Switchover Point [cm^3]":"5.0","date":"20171016","Circumferential Speed [m/min]":"15","Torque Dosing [Nm]":"67","manufacturer":"ICT","Holding Pressure Time [s]":"5","Injection Paramaters":{"Injection Speed [cm^3/s]":"20","Injection Pressure [bar]":"465","Injection Time [s]":"0.69"},"process":"injection molding"},"Product":"Tile","UUID":"81d19899-10d9-4bc5-bf1b-95d484b6846b","Type":"Batch"},"Tile-8065S-tud-7":{"label":"Tile-8065S-tud-7","Run Reference":"7","Creation":{"Temp Profile":{"Zone2":"-","Inlet [C]":"-","Zone1":"-","Zone3":"-","Zone4 []":"-","Nozzle":"-"},"Humidity":"-","Dosing Volume [cm^3]":"-","Comments":" ","Drying Time":"-","Melt Cushion [cm^3]":"-","Holding Pressure [bar]":"1600","material":"8065S","Holding Pressure Speed [cm^3/s]":"-","Mold Temps":{"Mold Temp [C]":"30","Mold Temp (nozzle) [C]":"310","Mold Temp (ejector) [C]":"-"},"Clamping Force":"-","Back Pressure [bar]":"-","Drying Temp":"-","Cooling Time [s]":"20","Switchover Point [cm^3]":"-","date":"-","Circumferential Speed [m/min]":"-","Torque Dosing [Nm]":"-","manufacturer":"tud","Holding Pressure Time [s]":"2","Injection Paramaters":{"Injection Speed [cm^3/s]":"50","Injection Pressure [bar]":"-","Injection Time [s]":"-"},"process":"injection molding"},"Product":"Tile","UUID":"361a3b0b-5a91-4fca-b2d5-cecdac59249f","Type":"Batch"},"Tile-8065S-ICT-4.1":{"label":"Tile-8065S-ICT-4.1","Run Reference":"4.1","Creation":{"Temp Profile":{"Zone2":"290","Inlet [C]":"60","Zone1":"300","Zone3":"290","Zone4 []":"280","Nozzle":"300"},"Humidity":"0.077","Dosing Volume [cm^3]":"15","Comments":" ","Drying Time":"-","Melt Cushion [cm^3]":"2.96","Holding Pressure [bar]":"800","material":"8065S","Holding Pressure Speed [cm^3/s]":"25","Mold Temps":{"Mold Temp [C]":"10","Mold Temp (nozzle) [C]":"17","Mold Temp (ejector) [C]":"17"},"Clamping Force":"200","Back Pressure [bar]":"75","Drying Temp":"-","Cooling Time [s]":"25","Switchover Point [cm^3]":"5.0","date":"20171016","Circumferential Speed [m/min]":"15","Torque Dosing [Nm]":"67","manufacturer":"ICT","Holding Pressure Time [s]":"5","Injection Paramaters":{"Injection Speed [cm^3/s]":"50","Injection Pressure [bar]":"502","Injection Time [s]":"0.32"},"process":"injection molding"},"Product":"Tile","UUID":"7d97a93c-c084-4fda-85cf-49938458d4a2","Type":"Batch"},"Tile-8065S-ICT-1.6":{"label":"Tile-8065S-ICT-1.6","Run Reference":"1.6","Creation":{"Temp Profile":{"Zone2":"290","Inlet [C]":"60","Zone1":"300","Zone3":"290","Zone4 []":"280","Nozzle":"300"},"Humidity":"0.077","Dosing Volume [cm^3]":"15","Comments":" ","Drying Time":"-","Melt Cushion [cm^3]":"2.88","Holding Pressure [bar]":"800","material":"8065S","Holding Pressure Speed [cm^3/s]":"25","Mold Temps":{"Mold Temp [C]":"20","Mold Temp (nozzle) [C]":"23.6","Mold Temp (ejector) [C]":"23.6"},"Clamping Force":"200","Back Pressure [bar]":"75","Drying Temp":"-","Cooling Time [s]":"25","Switchover Point [cm^3]":"5.0","date":"20171016","Circumferential Speed [m/min]":"15","Torque Dosing [Nm]":"67","manufacturer":"ICT","Holding Pressure Time [s]":"5","Injection Paramaters":{"Injection Speed [cm^3/s]":"5","Injection Pressure [bar]":"292","Injection Time [s]":"2.63"},"process":"injection molding"},"Product":"Tile","UUID":"bb29a8ca-7bc1-43f9-b1d0-13d8ed894c8c","Type":"Batch"},"Tile-8065S-ICT-1.9":{"label":"Tile-8065S-ICT-1.9","Run Reference":"1.9","Creation":{"Temp Profile":{"Zone2":"290","Inlet [C]":"60","Zone1":"300","Zone3":"290","Zone4 []":"280","Nozzle":"300"},"Humidity":"0.077","Dosing Volume [cm^3]":"15","Comments":" ","Drying Time":"-","Melt Cushion [cm^3]":"3.2","Holding Pressure [bar]":"800","material":"8065S","Holding Pressure Speed [cm^3/s]":"25","Mold Temps":{"Mold Temp [C]":"20","Mold Temp (nozzle) [C]":"23.6","Mold Temp (ejector) [C]":"23.6"},"Clamping Force":"200","Back Pressure [bar]":"75","Drying Temp":"-","Cooling Time [s]":"25","Switchover Point [cm^3]":"5.0","date":"20171016","Circumferential Speed [m/min]":"15","Torque Dosing [Nm]":"67","manufacturer":"ICT","Holding Pressure Time [s]":"5","Injection Paramaters":{"Injection Speed [cm^3/s]":"50","Injection Pressure [bar]":"519","Injection Time [s]":"0.32"},"process":"injection molding"},"Product":"Tile","UUID":"764fe78c-24aa-413b-aac7-9212ac65a198","Type":"Batch"},"Tile-8065S-ICT-5.1":{"label":"Tile-8065S-ICT-5.1","Run Reference":"5.1","Creation":{"Temp Profile":{"Zone2":"290","Inlet [C]":"60","Zone1":"300","Zone3":"290","Zone4 []":"280","Nozzle":"300"},"Humidity":"0.077","Dosing Volume [cm^3]":"15","Comments":" ","Drying Time":"-","Melt Cushion [cm^3]":"3.08","Holding Pressure [bar]":"800","material":"8065S","Holding Pressure Speed [cm^3/s]":"25","Mold Temps":{"Mold Temp [C]":"3","Mold Temp (nozzle) [C]":"7","Mold Temp (ejector) [C]":"7"},"Clamping Force":"200","Back Pressure [bar]":"75","Drying Temp":"-","Cooling Time [s]":"25","Switchover Point [cm^3]":"5.0","date":"20171016","Circumferential Speed [m/min]":"15","Torque Dosing [Nm]":"67","manufacturer":"ICT","Holding Pressure Time [s]":"5","Injection Paramaters":{"Injection Speed [cm^3/s]":"30","Injection Pressure [bar]":"0.48","Injection Time [s]":"0.48"},"process":"injection molding"},"Product":"Tile","UUID":"92eb36f9-774c-4867-8c24-130815209c79","Type":"Batch"},"Tile-8065S-ICT-4.3":{"label":"Tile-8065S-ICT-4.3","Run Reference":"4.3","Creation":{"Temp Profile":{"Zone2":"290","Inlet [C]":"60","Zone1":"300","Zone3":"290","Zone4 []":"280","Nozzle":"300"},"Humidity":"0.077","Dosing Volume [cm^3]":"15","Comments":" ","Drying Time":"-","Melt Cushion [cm^3]":"3.1","Holding Pressure [bar]":"800","material":"8065S","Holding Pressure Speed [cm^3/s]":"25","Mold Temps":{"Mold Temp [C]":"10","Mold Temp (nozzle) [C]":"17","Mold Temp (ejector) [C]":"17"},"Clamping Force":"200","Back Pressure [bar]":"75","Drying Temp":"-","Cooling Time [s]":"25","Switchover Point [cm^3]":"5.0","date":"20171016","Circumferential Speed [m/min]":"15","Torque Dosing [Nm]":"67","manufacturer":"ICT","Holding Pressure Time [s]":"5","Injection Paramaters":{"Injection Speed [cm^3/s]":"20","Injection Pressure [bar]":"436","Injection Time [s]":"0.69"},"process":"injection molding"},"Product":"Tile","UUID":"e722b06e-7c9d-4619-ae3f-d96553bd9450","Type":"Batch"},"Tile-8065S-ICT-7.7":{"label":"Tile-8065S-ICT-7.7","Run Reference":"7.7","Creation":{"Temp Profile":{"Zone2":"290","Inlet [C]":"60","Zone1":"300","Zone3":"290","Zone4 []":"280","Nozzle":"300"},"Humidity":"0.218","Dosing Volume [cm^3]":"15","Comments":"samples very brittle, MPI opened","Drying Time":"-","Melt Cushion [cm^3]":"1.0","Holding Pressure [bar]":"800","material":"8065S","Holding Pressure Speed [cm^3/s]":"25","Mold Temps":{"Mold Temp [C]":"10","Mold Temp (nozzle) [C]":"17","Mold Temp (ejector) [C]":"17"},"Clamping Force":"200","Back Pressure [bar]":"75","Drying Temp":"-","Cooling Time [s]":"25","Switchover Point [cm^3]":"5.0","date":"20171017","Circumferential Speed [m/min]":"15","Torque Dosing [Nm]":"80","manufacturer":"ICT","Holding Pressure Time [s]":"5","Injection Paramaters":{"Injection Speed [cm^3/s]":"30","Injection Pressure [bar]":"190","Injection Time [s]":"0.48"},"process":"injection molding"},"Product":"Tile","UUID":"0086df89-e6aa-4cb4-be00-620ad29318f7","Type":"Batch"},"Tile-8065S-ICT-1.11":{"label":"Tile-8065S-ICT-1.11","Run Reference":"1.11","Creation":{"Temp Profile":{"Zone2":"290","Inlet [C]":"60","Zone1":"300","Zone3":"290","Zone4 []":"280","Nozzle":"300"},"Humidity":"0.077","Dosing Volume [cm^3]":"15","Comments":" ","Drying Time":"-","Melt Cushion [cm^3]":"2.94","Holding Pressure [bar]":"800","material":"8065S","Holding Pressure Speed [cm^3/s]":"25","Mold Temps":{"Mold Temp [C]":"10","Mold Temp (nozzle) [C]":"17.2","Mold Temp (ejector) [C]":"17.2"},"Clamping Force":"200","Back Pressure [bar]":"75","Drying Temp":"-","Cooling Time [s]":"15","Switchover Point [cm^3]":"5.0","date":"20171016","Circumferential Speed [m/min]":"15","Torque Dosing [Nm]":"67","manufacturer":"ICT","Holding Pressure Time [s]":"5","Injection Paramaters":{"Injection Speed [cm^3/s]":"50","Injection Pressure [bar]":"506","Injection Time [s]":"0.32"},"process":"injection molding"},"Product":"Tile","UUID":"e088b8c7-ca6a-4b8b-a71a-02b4c64e4250","Type":"Batch"},"Tile-8065S-ICT-1.1":{"label":"Tile-8065S-ICT-1.1","Run Reference":"1.1","Creation":{"Temp Profile":{"Zone2":"290","Inlet [C]":"60","Zone1":"300","Zone3":"290","Zone4 []":"280","Nozzle":"300"},"Humidity":"0.077","Dosing Volume [cm^3]":"15","Comments":" ","Drying Time":"-","Melt Cushion [cm^3]":"3.1","Holding Pressure [bar]":"800","material":"8065S","Holding Pressure Speed [cm^3/s]":"25","Mold Temps":{"Mold Temp [C]":"10","Mold Temp (nozzle) [C]":"17","Mold Temp (ejector) [C]":"17"},"Clamping Force":"200","Back Pressure [bar]":"75","Drying Temp":"-","Cooling Time [s]":"25","Switchover Point [cm^3]":"5.0","date":"20171016","Circumferential Speed [m/min]":"15","Torque Dosing [Nm]":"67","manufacturer":"ICT","Holding Pressure Time [s]":"5","Injection Paramaters":{"Injection Speed [cm^3/s]":"50","Injection Pressure [bar]":"486","Injection Time [s]":"0.36"},"process":"injection molding"},"Product":"Tile","UUID":"3eac1b93-642b-474d-af96-7488803843ed","Type":"Batch"},"Tile-8065S-ICT-1.13":{"label":"Tile-8065S-ICT-1.13","Run Reference":"1.13","Creation":{"Temp Profile":{"Zone2":"290","Inlet [C]":"60","Zone1":"300","Zone3":"290","Zone4 []":"280","Nozzle":"300"},"Humidity":"0.077","Dosing Volume [cm^3]":"15","Comments":" ","Drying Time":"-","Melt Cushion [cm^3]":"2.94","Holding Pressure [bar]":"800","material":"8065S","Holding Pressure Speed [cm^3/s]":"25","Mold Temps":{"Mold Temp [C]":"10","Mold Temp (nozzle) [C]":"17.2","Mold Temp (ejector) [C]":"17.2"},"Clamping Force":"200","Back Pressure [bar]":"75","Drying Temp":"-","Cooling Time [s]":"5","Switchover Point [cm^3]":"5.0","date":"20171016","Circumferential Speed [m/min]":"15","Torque Dosing [Nm]":"67","manufacturer":"ICT","Holding Pressure Time [s]":"5","Injection Paramaters":{"Injection Speed [cm^3/s]":"50","Injection Pressure [bar]":"506","Injection Time [s]":"0.32"},"process":"injection molding"},"Product":"Tile","UUID":"33a4a4dc-3dde-4969-b105-a0f911e020c0","Type":"Batch"},"Tile-8065S-tud-11":{"label":"Tile-8065S-tud-11","Run Reference":"11","Creation":{"Temp Profile":{"Zone2":"-","Inlet [C]":"-","Zone1":"-","Zone3":"-","Zone4 []":"-","Nozzle":"-"},"Humidity":"-","Dosing Volume [cm^3]":"-","Comments":" ","Drying Time":"-","Melt Cushion [cm^3]":"-","Holding Pressure [bar]":"1600","material":"8065S","Holding Pressure Speed [cm^3/s]":"-","Mold Temps":{"Mold Temp [C]":"80","Mold Temp (nozzle) [C]":"310","Mold Temp (ejector) [C]":"-"},"Clamping Force":"-","Back Pressure [bar]":"-","Drying Temp":"-","Cooling Time [s]":"40","Switchover Point [cm^3]":"-","date":"-","Circumferential Speed [m/min]":"-","Torque Dosing [Nm]":"-","manufacturer":"tud","Holding Pressure Time [s]":"2","Injection Paramaters":{"Injection Speed [cm^3/s]":"10","Injection Pressure [bar]":"-","Injection Time [s]":"-"},"process":"injection molding"},"Product":"Tile","UUID":"d0964033-98a6-46c4-9fac-7f8416084e98","Type":"Batch"},"Tile-8065S-ICT-1.12":{"label":"Tile-8065S-ICT-1.12","Run Reference":"1.12","Creation":{"Temp Profile":{"Zone2":"290","Inlet [C]":"60","Zone1":"300","Zone3":"290","Zone4 []":"280","Nozzle":"300"},"Humidity":"0.077","Dosing Volume [cm^3]":"15","Comments":" ","Drying Time":"-","Melt Cushion [cm^3]":"2.94","Holding Pressure [bar]":"800","material":"8065S","Holding Pressure Speed [cm^3/s]":"25","Mold Temps":{"Mold Temp [C]":"10","Mold Temp (nozzle) [C]":"17.2","Mold Temp (ejector) [C]":"17.2"},"Clamping Force":"200","Back Pressure [bar]":"75","Drying Temp":"-","Cooling Time [s]":"10","Switchover Point [cm^3]":"5.0","date":"20171016","Circumferential Speed [m/min]":"15","Torque Dosing [Nm]":"67","manufacturer":"ICT","Holding Pressure Time [s]":"5","Injection Paramaters":{"Injection Speed [cm^3/s]":"50","Injection Pressure [bar]":"506","Injection Time [s]":"0.32"},"process":"injection molding"},"Product":"Tile","UUID":"bec6db05-5b03-46fe-8866-88bac5bcd2ac","Type":"Batch"},"Tile-8065S-ICT-3.4":{"label":"Tile-8065S-ICT-3.4","Run Reference":"3.4","Creation":{"Temp Profile":{"Zone2":"290","Inlet [C]":"60","Zone1":"300","Zone3":"290","Zone4 []":"280","Nozzle":"300"},"Humidity":"0.077","Dosing Volume [cm^3]":"15","Comments":" ","Drying Time":"-","Melt Cushion [cm^3]":"3.64","Holding Pressure [bar]":"800","material":"8065S","Holding Pressure Speed [cm^3/s]":"25","Mold Temps":{"Mold Temp [C]":"10","Mold Temp (nozzle) [C]":"17.2","Mold Temp (ejector) [C]":"17.2"},"Clamping Force":"200","Back Pressure [bar]":"75","Drying Temp":"-","Cooling Time [s]":"15","Switchover Point [cm^3]":"5.0","date":"20171016","Circumferential Speed [m/min]":"15","Torque Dosing [Nm]":"67","manufacturer":"ICT","Holding Pressure Time [s]":"5","Injection Paramaters":{"Injection Speed [cm^3/s]":"20","Injection Pressure [bar]":"465","Injection Time [s]":"0.69"},"process":"injection molding"},"Product":"Tile","UUID":"ff3f38a2-9a24-4fb5-8806-f0738cc82638","Type":"Batch"},"Tile-8065S-ICT-3.2":{"label":"Tile-8065S-ICT-3.2","Run Reference":"3.2","Creation":{"Temp Profile":{"Zone2":"290","Inlet [C]":"60","Zone1":"300","Zone3":"290","Zone4 []":"280","Nozzle":"300"},"Humidity":"0.077","Dosing Volume [cm^3]":"15","Comments":" ","Drying Time":"-","Melt Cushion [cm^3]":"3.64","Holding Pressure [bar]":"800","material":"8065S","Holding Pressure Speed [cm^3/s]":"25","Mold Temps":{"Mold Temp [C]":"10","Mold Temp (nozzle) [C]":"17.2","Mold Temp (ejector) [C]":"17.2"},"Clamping Force":"200","Back Pressure [bar]":"75","Drying Temp":"-","Cooling Time [s]":"5","Switchover Point [cm^3]":"5.0","date":"20171016","Circumferential Speed [m/min]":"15","Torque Dosing [Nm]":"67","manufacturer":"ICT","Holding Pressure Time [s]":"5","Injection Paramaters":{"Injection Speed [cm^3/s]":"20","Injection Pressure [bar]":"465","Injection Time [s]":"0.69"},"process":"injection molding"},"Product":"Tile","UUID":"61437160-2757-4cf7-9c76-80c00285d504","Type":"Batch"},"gran-tei-8065S-KS018027":{"label":"gran-tei-8065S-KS018027","Product":"8065S","UUID":"6d94ddb9-923d-4e1d-9337-ccf9888842fe","Manufacturer":"teijin","Type":"Batch","Batch Number":"KS018027"},"Tile-8065S-ICT-7.5":{"label":"Tile-8065S-ICT-7.5","Run Reference":"7.5","Creation":{"Temp Profile":{"Zone2":"290","Inlet [C]":"60","Zone1":"300","Zone3":"290","Zone4 []":"280","Nozzle":"300"},"Humidity":"0.011","Dosing Volume [cm^3]":"15","Comments":"MPI opened","Drying Time":"6","Melt Cushion [cm^3]":"3.5","Holding Pressure [bar]":"800","material":"8065S","Holding Pressure Speed [cm^3/s]":"25","Mold Temps":{"Mold Temp [C]":"10","Mold Temp (nozzle) [C]":"17","Mold Temp (ejector) [C]":"17"},"Clamping Force":"150","Back Pressure [bar]":"75","Drying Temp":"160","Cooling Time [s]":"25","Switchover Point [cm^3]":"5.0","date":"20171017","Circumferential Speed [m/min]":"15","Torque Dosing [Nm]":"167","manufacturer":"ICT","Holding Pressure Time [s]":"5","Injection Paramaters":{"Injection Speed [cm^3/s]":"30","Injection Pressure [bar]":"768","Injection Time [s]":"0.48"},"process":"injection molding"},"Product":"Tile","UUID":"0340ac32-ee76-4911-b1bb-ced44501ea08","Type":"Batch"},"Tile-8065S-tud-3":{"label":"Tile-8065S-tud-3","Run Reference":"3","Creation":{"Temp Profile":{"Zone2":"-","Inlet [C]":"-","Zone1":"-","Zone3":"-","Zone4 []":"-","Nozzle":"-"},"Humidity":"-","Dosing Volume [cm^3]":"-","Comments":" ","Drying Time":"-","Melt Cushion [cm^3]":"-","Holding Pressure [bar]":"1600","material":"8065S","Holding Pressure Speed [cm^3/s]":"-","Mold Temps":{"Mold Temp [C]":"30","Mold Temp (nozzle) [C]":"280","Mold Temp (ejector) [C]":"-"},"Clamping Force":"-","Back Pressure [bar]":"-","Drying Temp":"-","Cooling Time [s]":"20","Switchover Point [cm^3]":"-","date":"-","Circumferential Speed [m/min]":"-","Torque Dosing [Nm]":"-","manufacturer":"tud","Holding Pressure Time [s]":"7","Injection Paramaters":{"Injection Speed [cm^3/s]":"50","Injection Pressure [bar]":"-","Injection Time [s]":"-"},"process":"injection molding"},"Product":"Tile","UUID":"7f65ad23-325f-4993-988c-ada9d199ce85","Type":"Batch"},"Tile-8065S-ICT-7.2":{"label":"Tile-8065S-ICT-7.2","Run Reference":"7.2","Creation":{"Temp Profile":{"Zone2":"290","Inlet [C]":"60","Zone1":"300","Zone3":"290","Zone4 []":"280","Nozzle":"300"},"Humidity":"0.121","Dosing Volume [cm^3]":"15","Comments":" ","Drying Time":"6","Melt Cushion [cm^3]":"2.83","Holding Pressure [bar]":"800","material":"8065S","Holding Pressure Speed [cm^3/s]":"25","Mold Temps":{"Mold Temp [C]":"10","Mold Temp (nozzle) [C]":"17","Mold Temp (ejector) [C]":"17"},"Clamping Force":"180","Back Pressure [bar]":"75","Drying Temp":"90","Cooling Time [s]":"25","Switchover Point [cm^3]":"5.0","date":"20171017","Circumferential Speed [m/min]":"15","Torque Dosing [Nm]":"67","manufacturer":"ICT","Holding Pressure Time [s]":"5","Injection Paramaters":{"Injection Speed [cm^3/s]":"50","Injection Pressure [bar]":"283","Injection Time [s]":"0.32"},"process":"injection molding"},"Product":"Tile","UUID":"c6be0144-7249-498c-a32d-084112c720c0","Type":"Batch"},"Tile-8065S-tud-12":{"label":"Tile-8065S-tud-12","Run Reference":"12","Creation":{"Temp Profile":{"Zone2":"-","Inlet [C]":"-","Zone1":"-","Zone3":"-","Zone4 []":"-","Nozzle":"-"},"Humidity":"-","Dosing Volume [cm^3]":"-","Comments":" ","Drying Time":"-","Melt Cushion [cm^3]":"-","Holding Pressure [bar]":"1000","material":"8065S","Holding Pressure Speed [cm^3/s]":"-","Mold Temps":{"Mold Temp [C]":"80","Mold Temp (nozzle) [C]":"310","Mold Temp (ejector) [C]":"-"},"Clamping Force":"-","Back Pressure [bar]":"-","Drying Temp":"-","Cooling Time [s]":"20","Switchover Point [cm^3]":"-","date":"-","Circumferential Speed [m/min]":"-","Torque Dosing [Nm]":"-","manufacturer":"tud","Holding Pressure Time [s]":"7","Injection Paramaters":{"Injection Speed [cm^3/s]":"10","Injection Pressure [bar]":"-","Injection Time [s]":"-"},"process":"injection molding"},"Product":"Tile","UUID":"39dccfc5-248d-4228-954b-ae01b7a24872","Type":"Batch"},"Tile-8065S-tud-8":{"label":"Tile-8065S-tud-8","Run Reference":"8","Creation":{"Temp Profile":{"Zone2":"-","Inlet [C]":"-","Zone1":"-","Zone3":"-","Zone4 []":"-","Nozzle":"-"},"Humidity":"-","Dosing Volume [cm^3]":"-","Comments":" ","Drying Time":"-","Melt Cushion [cm^3]":"-","Holding Pressure [bar]":"1000","material":"8065S","Holding Pressure Speed [cm^3/s]":"-","Mold Temps":{"Mold Temp [C]":"30","Mold Temp (nozzle) [C]":"310","Mold Temp (ejector) [C]":"-"},"Clamping Force":"-","Back Pressure [bar]":"-","Drying Temp":"-","Cooling Time [s]":"40","Switchover Point [cm^3]":"-","date":"-","Circumferential Speed [m/min]":"-","Torque Dosing [Nm]":"-","manufacturer":"tud","Holding Pressure Time [s]":"7","Injection Paramaters":{"Injection Speed [cm^3/s]":"50","Injection Pressure [bar]":"-","Injection Time [s]":"-"},"process":"injection molding"},"Product":"Tile","UUID":"492598ce-bf46-4f2d-a264-13de04d54463","Type":"Batch"},"Tile-8065S-ICT-4.4":{"label":"Tile-8065S-ICT-4.4","Run Reference":"4.4","Creation":{"Temp Profile":{"Zone2":"290","Inlet [C]":"60","Zone1":"300","Zone3":"290","Zone4 []":"280","Nozzle":"300"},"Humidity":"0.077","Dosing Volume [cm^3]":"15","Comments":" ","Drying Time":"-","Melt Cushion [cm^3]":"2.92","Holding Pressure [bar]":"800","material":"8065S","Holding Pressure Speed [cm^3/s]":"25","Mold Temps":{"Mold Temp [C]":"10","Mold Temp (nozzle) [C]":"17","Mold Temp (ejector) [C]":"17"},"Clamping Force":"200","Back Pressure [bar]":"75","Drying Temp":"-","Cooling Time [s]":"25","Switchover Point [cm^3]":"5.0","date":"20171016","Circumferential Speed [m/min]":"15","Torque Dosing [Nm]":"67","manufacturer":"ICT","Holding Pressure Time [s]":"5","Injection Paramaters":{"Injection Speed [cm^3/s]":"10","Injection Pressure [bar]":"342","Injection Time [s]":"1.33"},"process":"injection molding"},"Product":"Tile","UUID":"714fac97-604a-4e27-9ad1-45301799cb22","Type":"Batch"},"Tile-8065S-ICT-1.10":{"label":"Tile-8065S-ICT-1.10","Run Reference":"1.10","Creation":{"Temp Profile":{"Zone2":"290","Inlet [C]":"60","Zone1":"300","Zone3":"290","Zone4 []":"280","Nozzle":"300"},"Humidity":"0.077","Dosing Volume [cm^3]":"15","Comments":" ","Drying Time":"-","Melt Cushion [cm^3]":"2.60","Holding Pressure [bar]":"800","material":"8065S","Holding Pressure Speed [cm^3/s]":"25","Mold Temps":{"Mold Temp [C]":"20","Mold Temp (nozzle) [C]":"23.6","Mold Temp (ejector) [C]":"23.6"},"Clamping Force":"200","Back Pressure [bar]":"75","Drying Temp":"-","Cooling Time [s]":"25","Switchover Point [cm^3]":"5.0","date":"20171016","Circumferential Speed [m/min]":"15","Torque Dosing [Nm]":"67","manufacturer":"ICT","Holding Pressure Time [s]":"5","Injection Paramaters":{"Injection Speed [cm^3/s]":"70","Injection Pressure [bar]":"661","Injection Time [s]":"0.26"},"process":"injection molding"},"Product":"Tile","UUID":"71f5a1dd-eb41-494a-a56e-98f0e8f8fb3a","Type":"Batch"},"Tile-8065S-ICT-6.1":{"label":"Tile-8065S-ICT-6.1","Run Reference":"6.1","Creation":{"Temp Profile":{"Zone2":"290","Inlet [C]":"60","Zone1":"300","Zone3":"290","Zone4 []":"280","Nozzle":"300"},"Humidity":"0.077","Dosing Volume [cm^3]":"15","Comments":"Mass production","Drying Time":"-","Melt Cushion [cm^3]":"2.96","Holding Pressure [bar]":"800","material":"8065S","Holding Pressure Speed [cm^3/s]":"25","Mold Temps":{"Mold Temp [C]":"10","Mold Temp (nozzle) [C]":"17","Mold Temp (ejector) [C]":"17"},"Clamping Force":"200","Back Pressure [bar]":"75","Drying Temp":"-","Cooling Time [s]":"25","Switchover Point [cm^3]":"5.0","date":"20171016","Circumferential Speed [m/min]":"15","Torque Dosing [Nm]":"67","manufacturer":"ICT","Holding Pressure Time [s]":"5","Injection Paramaters":{"Injection Speed [cm^3/s]":"50","Injection Pressure [bar]":"502","Injection Time [s]":"0.32"},"process":"injection molding"},"Product":"Tile","UUID":"8e95f823-b826-4200-b089-b16dc2b270d2","Type":"Batch"},"Tile-8065S-ICT-3.1":{"label":"Tile-8065S-ICT-3.1","Run Reference":"3.1","Creation":{"Temp Profile":{"Zone2":"290","Inlet [C]":"60","Zone1":"300","Zone3":"290","Zone4 []":"280","Nozzle":"300"},"Humidity":"0.077","Dosing Volume [cm^3]":"15","Comments":" ","Drying Time":"-","Melt Cushion [cm^3]":"3.64","Holding Pressure [bar]":"800","material":"8065S","Holding Pressure Speed [cm^3/s]":"25","Mold Temps":{"Mold Temp [C]":"10","Mold Temp (nozzle) [C]":"17.2","Mold Temp (ejector) [C]":"17.2"},"Clamping Force":"200","Back Pressure [bar]":"75","Drying Temp":"-","Cooling Time [s]":"5","Switchover Point [cm^3]":"5.0","date":"20171016","Circumferential Speed [m/min]":"15","Torque Dosing [Nm]":"67","manufacturer":"ICT","Holding Pressure Time [s]":"5","Injection Paramaters":{"Injection Speed [cm^3/s]":"20","Injection Pressure [bar]":"465","Injection Time [s]":"0.69"},"process":"injection molding"},"Product":"Tile","UUID":"a8285538-0804-45c9-a9a2-5750d022bce6","Type":"Batch"}}