{"tile-8065S-ICT-1.2-1":{"label":"tile-8065S-ICT-1.2-1","Run Reference":"1.2","Properties":{"material":"8065S","Comments":[],"date":"","Geometry":"standard","Size":"30x30x3","process":""},"UUID":"34e55153-0de7-4daa-95f1-8db7b9acfa96","Tile Number":"1","Batch Type":"tile","Measurements":{"wavelength":{},"absorbed at 430nm":{},"peak wavelength":{},"light output":{}}},"tile-PMMA-MPI-1-1":{"label":"tile-PMMA-MPI-1-1","Run Reference":"1","Measurements":{"wavelength":{},"absorbed at 430nm":{},"peak wavelength":{},"light output":{}},"UUID":"e8a69a74-e6ea-4ad5-98ed-0d1898a96802","Tile Number":"1","Batch Type":"tile","Properties":{"material":"PMMA","Comments":[],"date":"","Geometry":"standard","Size":"50x50x5","process":""}},"tile-8065S-TUD-5-2":{"label":"tile-8065S-TUD-5-2","Run Reference":"5","Measurements":{"wavelength":"","absorbed at 430nm":"","peak wavelength":"","light output":""},"UUID":"e3722ebd-60cf-4bc8-9c00-ba5a78f542fc","Tile Number":"2","Batch Type":"tile","Properties":{"material":"8065S","Comments":[],"date":"","Geometry":"standard","Size":"30x30x3","process":""}},"tile-8065S-ICT-1.1-1":{"label":"tile-8065S-ICT-1.1-1","Run Reference":"1.1","Measurements":{"wavelength":{},"absorbed at 430nm":{},"peak wavelength":{},"light output":{}},"UUID":"69d99cba-04ce-4c8f-8214-b6de8f30611d","Tile Number":"1","Batch Type":"tile","General Comments":[],"Properties":{"material":"8065S","Property Comments":[],"date":"","Geometry":"standard","Size":"30x30x3","process":""}},"tile-8065S-ICT-1.3-1":{"label":"tile-8065S-ICT-1.3-1","Run Reference":"1.3","Properties":{"material":"8065S","Comments":[],"date":"","Geometry":"standard","Size":"30x30x3","process":""},"UUID":"c450d94e-e448-427c-a0c0-9a813a679432","Tile Number":"1","Batch Type":"tile","Measurements":{"wavelength":"","absorbed at 430nm":"","peak wavelength":"","light output":""}},"tile-PS-NUVIA-1-1":{"label":"tile-PS-NUVIA-1-1","Run Reference":"1","Properties":{"material":"PS","Comments":[],"date":"","Geometry":"standard","Size":"50x50x5","process":""},"UUID":"d321edd9-7d89-47f4-9cd6-599280ff191f","Tile Number":"1","Batch Type":"tile","Measurements":{"wavelength":{},"absorbed at 430nm":{},"peak wavelength":{},"light output":{}}}}