{"Tile-8065S-ICT-3.4":{"label":"Tile-8065S-ICT-3.4","Run Reference":"3.4","Creation":{"Temp Profile":{"Zone2":"290","Inlet [C]":"60","Zone1":"300","Zone3":"290","Zone4 []":"280","Nozzle":"300"},"Humidity":"0.077","Dosing Volume [cm^3]":"15","Comments":" ","Drying Time":"-","Melt Cushion [cm^3]":"3.64","Holding Pressure [bar]":"800","material":"8065S","Holding Pressure Speed [cm^3/s]":"25","Mold Temps":{"Mold Temp [C]":"10","Mold Temp (nozzle) [C]":"17.2","Mold Temp (ejector) [C]":"17.2"},"Clamping Force":"200","Back Pressure [bar]":"75","Drying Temp":"-","Cooling Time [s]":"15","Switchover Point [cm^3]":"5.0","date":"20171016","Circumferential Speed [m/min]":"15","Torque Dosing [Nm]":"67","manufacturer":"ICT","Holding Pressure Time [s]":"5","Injection Paramaters":{"Injection Speed [cm^3/s]":"20","Injection Pressure [bar]":"465","Injection Time [s]":"0.69"},"process":"injection molding"},"Product":"Tile","UUID":"ff3f38a2-9a24-4fb5-8806-f0738cc82638","Type":"Batch"}}