{"Tile-8065S-tud-10":{"label":"Tile-8065S-tud-10","Run Reference":"10","Creation":{"Temp Profile":{"Zone2":"-","Inlet [C]":"-","Zone1":"-","Zone3":"-","Zone4 []":"-","Nozzle":"-"},"Humidity":"-","Dosing Volume [cm^3]":"-","Comments":" ","Drying Time":"-","Melt Cushion [cm^3]":"-","Holding Pressure [bar]":"1000","material":"8065S","Holding Pressure Speed [cm^3/s]":"-","Mold Temps":{"Mold Temp [C]":"80","Mold Temp (nozzle) [C]":"310","Mold Temp (ejector) [C]":"-"},"Clamping Force":"-","Back Pressure [bar]":"-","Drying Temp":"-","Cooling Time [s]":"20","Switchover Point [cm^3]":"-","date":"-","Circumferential Speed [m/min]":"-","Torque Dosing [Nm]":"-","manufacturer":"TUD","Holding Pressure Time [s]":"2","Injection Paramaters":{"Injection Speed [cm^3/s]":"50","Injection Pressure [bar]":"-","Injection Time [s]":"-"},"process":"injection molding"},"Product":"Tile","UUID":"0bca340c-c083-4a5d-b378-1da70d3fe692","Type":"Batch"}}
