{"Tile-8065S-ICT-7.3":{"label":"Tile-8065S-ICT-7.3","Run Reference":"7.3","Creation":{"Temp Profile":{"Zone2":"290","Inlet [C]":"60","Zone1":"300","Zone3":"290","Zone4 []":"280","Nozzle":"300"},"Humidity":"0.036","Dosing Volume [cm^3]":"15","Comments":"MPI opened","Drying Time":"6","Melt Cushion [cm^3]":"3.36","Holding Pressure [bar]":"800","material":"8065S","Holding Pressure Speed [cm^3/s]":"25","Mold Temps":{"Mold Temp [C]":"10","Mold Temp (nozzle) [C]":"17","Mold Temp (ejector) [C]":"17"},"Clamping Force":"150","Back Pressure [bar]":"75","Drying Temp":"120","Cooling Time [s]":"25","Switchover Point [cm^3]":"5.0","date":"20171017","Circumferential Speed [m/min]":"15","Torque Dosing [Nm]":"95","manufacturer":"ICT","Holding Pressure Time [s]":"5","Injection Paramaters":{"Injection Speed [cm^3/s]":"50","Injection Pressure [bar]":"620","Injection Time [s]":"0.32"},"process":"injection molding"},"Product":"Tile","UUID":"fdb444cc-6dd9-4605-b96d-ca2dc39bf66f","Type":"Batch"}}