{"Tile-8065S-ICT-1.7":{"label":"Tile-8065S-ICT-1.7","Run Reference":"1.7","Creation":{"Temp Profile":{"Zone2":"290","Inlet [C]":"60","Zone1":"300","Zone3":"290","Zone4 []":"280","Nozzle":"300"},"Humidity":"0.077","Dosing Volume [cm^3]":"15","Comments":" ","Drying Time":"-","Melt Cushion [cm^3]":"3.26","Holding Pressure [bar]":"800","material":"8065S","Holding Pressure Speed [cm^3/s]":"25","Mold Temps":{"Mold Temp [C]":"20","Mold Temp (nozzle) [C]":"23.6","Mold Temp (ejector) [C]":"23.6"},"Clamping Force":"200","Back Pressure [bar]":"75","Drying Temp":"-","Cooling Time [s]":"25","Switchover Point [cm^3]":"5.0","date":"20171016","Circumferential Speed [m/min]":"15","Torque Dosing [Nm]":"67","manufacturer":"ICT","Holding Pressure Time [s]":"5","Injection Paramaters":{"Injection Speed [cm^3/s]":"10","Injection Pressure [bar]":"295","Injection Time [s]":"1.33"},"process":"injection molding"},"Product":"Tile","UUID":"1f860432-55c4-474b-81c5-b94f342b92c1","Type":"Batch"}}