{"Tile-8065S-tud-1":{"label":"Tile-8065S-tud-1","Run Reference":"1","Creation":{"Temp Profile":{"Zone2":"-","Inlet [C]":"-","Zone1":"-","Zone3":"-","Zone4 []":"-","Nozzle":"-"},"Humidity":"-","Dosing Volume [cm^3]":"-","Comments":" ","Drying Time":"-","Melt Cushion [cm^3]":"-","Holding Pressure [bar]":"1000","material":"8065S","Holding Pressure Speed [cm^3/s]":"-","Mold Temps":{"Mold Temp [C]":"30","Mold Temp (nozzle) [C]":"280","Mold Temp (ejector) [C]":"-"},"Clamping Force":"-","Back Pressure [bar]":"-","Drying Temp":"-","Cooling Time [s]":"20","Switchover Point [cm^3]":"-","date":"-","Circumferential Speed [m/min]":"-","Torque Dosing [Nm]":"-","manufacturer":"TUD","Holding Pressure Time [s]":"2","Injection Paramaters":{"Injection Speed [cm^3/s]":"10","Injection Pressure [bar]":"-","Injection Time [s]":"-"},"process":"injection molding"},"Product":"Tile","UUID":"0620ab77-219e-413d-beb8-d1c3cab9f804","Type":"Batch"}}
